model,dataset,early_convergence_pct,early_p10_pct,early_p90_pct,s1_redundant_macs_pct,s1_p10_pct,s1_p90_pct,s2_redundant_macs_pct,s2_p10_pct,s2_p90_pct,e2e_avoidable_pct,e2e_p10_pct,e2e_p90_pct,source_kind
MVSplat,RealEstate10K,69.0,64.2,71.5,52.1,47.8,53.8,58.0,53.4,60.2,45.4,41.9,47.0,static_estimate
MVSplat,ACID,72.0,67.2,74.5,54.4,50.1,56.1,60.5,55.9,62.8,46.4,42.9,47.9,static_estimate
MVSplat,DL3DV,67.0,62.2,69.5,50.6,46.4,52.3,56.3,51.8,58.5,44.5,40.9,46.0,static_estimate
DepthSplat,RealEstate10K,72.0,67.2,74.4,57.9,53.3,59.9,59.8,55.3,62.0,44.1,40.8,45.7,static_estimate
DepthSplat,ACID,74.0,69.2,76.5,59.6,54.9,61.5,61.4,56.9,63.7,44.9,41.5,46.4,static_estimate
DepthSplat,DL3DV,70.0,65.3,72.4,53.7,49.3,55.6,58.1,53.6,60.3,42.5,39.2,44.1,static_estimate
TranSplat,RealEstate10K,71.0,66.2,73.5,56.8,52.4,58.6,61.8,57.1,64.1,50.8,47.0,52.4,static_estimate
TranSplat,ACID,74.0,69.2,76.4,59.2,54.7,61.0,64.4,59.7,66.7,52.0,48.1,53.7,static_estimate
TranSplat,DL3DV,69.0,64.2,71.4,55.2,50.8,57.0,60.0,55.4,62.3,49.6,45.8,51.1,static_estimate
